Title,Media URL,photo,Description,Link,Keywords
"After the tide pulls back, they run",,630545-beach-1 (1).png,"They run where the water just was, like the whole beach belongs to them.",https://ifoundthisplace.beehiiv.com/p/slow-beach-houses-of-kauai,"kauai, anini beach, kids playing, family beach, slow travel, oceanfront home, tropical life, quiet beach"
"Wet sand, small feet, no hurry",,630545-beach-1 (2).png,"Wet sand, warm air, and that kind of freedom kids remember later.",https://ifoundthisplace.beehiiv.com/p/slow-beach-houses-of-kauai,"kauai, anini beach, kids playing, family beach, slow travel, oceanfront home, tropical life, quiet beach"
A quiet beach where kids forget time,,630545-beach-1 (3).png,A stretch of shore where nothing is planned and everything just happens.,https://ifoundthisplace.beehiiv.com/p/slow-beach-houses-of-kauai,"kauai, anini beach, kids playing, family beach, slow travel, oceanfront home, tropical life, quiet beach"
"House behind, ocean ahead, everything simple",,630545-beach-1 (4).png,"The house is there, but all that matters is the water ahead.",https://ifoundthisplace.beehiiv.com/p/slow-beach-houses-of-kauai,"kauai, anini beach, kids playing, family beach, slow travel, oceanfront home, tropical life, quiet beach"
,,,,https://ifoundthisplace.beehiiv.com/p/slow-beach-houses-of-kauai,
"Back from the ocean, nothing rushed",,630545-view-on-the-beach (1).png,"Back from the water, everything slows down without trying.",https://ifoundthisplace.beehiiv.com/p/slow-beach-houses-of-kauai,"kauai, lanai, beach house life, ocean view, slow living, coastal routine, hawaii lifestyle, anini"
"Towels on the lanai, salt still in the air",,630545-view-on-the-beach (2).png,"Salt, sun, and the quiet ritual of leaving things to dry.",https://ifoundthisplace.beehiiv.com/p/slow-beach-houses-of-kauai,"kauai, lanai, beach house life, ocean view, slow living, coastal routine, hawaii lifestyle, anini"
The lanai after the beach day ends,,630545-view-on-the-beach (3).png,The lanai holds the day a little longer before it fades.,https://ifoundthisplace.beehiiv.com/p/slow-beach-houses-of-kauai,"kauai, lanai, beach house life, ocean view, slow living, coastal routine, hawaii lifestyle, anini"
"Ocean still there, even when you are back",,630545-view-on-the-beach (4).png,"You’re back home, but the ocean hasn’t left you.",https://ifoundthisplace.beehiiv.com/p/slow-beach-houses-of-kauai,"kauai, lanai, beach house life, ocean view, slow living, coastal routine, hawaii lifestyle, anini"
,,,,https://ifoundthisplace.beehiiv.com/p/slow-beach-houses-of-kauai,
"Games in the shade, ocean just there",,2101382-veranda (1).png,"The game matters for a while, then the ocean calls again.",https://ifoundthisplace.beehiiv.com/p/slow-beach-houses-of-kauai,"kauai, hanalei, lanai life, family time, kids playing, beach house, tropical shade, slow travel"
"A table, some cards, and nowhere to rush",,2101382-veranda (2).png,"Time stretches between turns, with the sea always waiting.",https://ifoundthisplace.beehiiv.com/p/slow-beach-houses-of-kauai,"kauai, hanalei, lanai life, family time, kids playing, beach house, tropical shade, slow travel"
Lanai afternoons that feel like a pause,,2101382-veranda (3).png,Afternoons like this don’t need a plan.,https://ifoundthisplace.beehiiv.com/p/slow-beach-houses-of-kauai,"kauai, hanalei, lanai life, family time, kids playing, beach house, tropical shade, slow travel"
"While they play, she hangs the day to dry",,2101382-veranda (4).png,"Everything happens in slow layers — play, wind, salt.",https://ifoundthisplace.beehiiv.com/p/slow-beach-houses-of-kauai,"kauai, hanalei, lanai life, family time, kids playing, beach house, tropical shade, slow travel"
,,,,https://ifoundthisplace.beehiiv.com/p/slow-beach-houses-of-kauai,
"They play at the edge, she stays in the shade",,2101382-beach (1).png,"They stay by the water, she lets the moment unfold.",https://ifoundthisplace.beehiiv.com/p/slow-beach-houses-of-kauai,"kauai, hanalei, beach day, family travel, slow living, ocean moments, coastal life"
"Children and waves, watched from a quiet chair",,2101382-beach (2).png,The kind of watching that feels like rest.,https://ifoundthisplace.beehiiv.com/p/slow-beach-houses-of-kauai,"kauai, hanalei, beach day, family travel, slow living, ocean moments, coastal life"
A shoreline that keeps them busy for hours,,2101382-beach (3).png,The shoreline keeps them entertained longer than anything else.,https://ifoundthisplace.beehiiv.com/p/slow-beach-houses-of-kauai,"kauai, hanalei, beach day, family travel, slow living, ocean moments, coastal life"
"Mother resting, ocean doing the rest",,2101382-beach (4).png,She sits still while the ocean does all the work.,https://ifoundthisplace.beehiiv.com/p/slow-beach-houses-of-kauai,"kauai, hanalei, beach day, family travel, slow living, ocean moments, coastal life"
"Nothing but water, sand, and time",,2101382-beach (5).png,"Time passes, but no one is counting.",https://ifoundthisplace.beehiiv.com/p/slow-beach-houses-of-kauai,"kauai, hanalei, beach day, family travel, slow living, ocean moments, coastal life"
,,,,https://ifoundthisplace.beehiiv.com/p/slow-beach-houses-of-kauai,
She steps out before the day begins,,264905-bedroom (1).png,"Before the day starts, there’s just the sound of water.",https://ifoundthisplace.beehiiv.com/p/slow-beach-houses-of-kauai,"kauai, hanalei, ocean morning, lanai view, slow mornings, coastal living, peaceful travel"
"Morning air, waves, and nothing else",,264905-bedroom (2).png,A few minutes that belong only to her and the ocean.,https://ifoundthisplace.beehiiv.com/p/slow-beach-houses-of-kauai,"kauai, hanalei, ocean morning, lanai view, slow mornings, coastal living, peaceful travel"
From bed to ocean in a few quiet steps,,264905-bedroom (3).png,"No rush, just air, light, and waves.",https://ifoundthisplace.beehiiv.com/p/slow-beach-houses-of-kauai,"kauai, hanalei, ocean morning, lanai view, slow mornings, coastal living, peaceful travel"
Listening to the water before anyone wakes,,264905-bedroom (4).png,She stands there longer than she planned.,https://ifoundthisplace.beehiiv.com/p/slow-beach-houses-of-kauai,"kauai, hanalei, ocean morning, lanai view, slow mornings, coastal living, peaceful travel"
A soft start on the lanai,,264905-bedroom (5).png,The morning feels softer here.,https://ifoundthisplace.beehiiv.com/p/slow-beach-houses-of-kauai,"kauai, hanalei, ocean morning, lanai view, slow mornings, coastal living, peaceful travel"
,,,,https://ifoundthisplace.beehiiv.com/p/slow-beach-houses-of-kauai,
"They run ahead, he follows, she watches",,2423525 (1).png,They don’t wait — the ocean is already calling.,https://ifoundthisplace.beehiiv.com/p/slow-beach-houses-of-kauai,"kauai, hanalei bay, family beach, lawn to beach, ocean view, coastal home, slow living"
From lanai to lawn to ocean,,2423525 (2).png,"The path is simple: grass, sand, water.",https://ifoundthisplace.beehiiv.com/p/slow-beach-houses-of-kauai,"kauai, hanalei bay, family beach, lawn to beach, ocean view, coastal home, slow living"
"Grass, sand, and that pull toward the water",,2423525 (3).png,"She stays for a second longer, just watching.",https://ifoundthisplace.beehiiv.com/p/slow-beach-houses-of-kauai,"kauai, hanalei bay, family beach, lawn to beach, ocean view, coastal home, slow living"
A small race toward the beach,,2423525 (4).png,It turns into a small race without anyone saying it.,https://ifoundthisplace.beehiiv.com/p/slow-beach-houses-of-kauai,"kauai, hanalei bay, family beach, lawn to beach, ocean view, coastal home, slow living"
Watching them disappear into the day,,2423525 (5).png,Then they’re already at the shore.,https://ifoundthisplace.beehiiv.com/p/slow-beach-houses-of-kauai,"kauai, hanalei bay, family beach, lawn to beach, ocean view, coastal home, slow living"
,,,,https://ifoundthisplace.beehiiv.com/p/slow-beach-houses-of-kauai,
A beach that feels like it’s only yours,,1205182 (1).png,It feels like no one else knows this place.,https://ifoundthisplace.beehiiv.com/p/slow-beach-houses-of-kauai,"kauai, private beach, oceanfront home, quiet beach, tropical escape, slow travel, hawaii"
"Waves at her feet, nothing around",,1205182 (2).png,"Just water, sand, and a moment to stay still.",https://ifoundthisplace.beehiiv.com/p/slow-beach-houses-of-kauai,"kauai, private beach, oceanfront home, quiet beach, tropical escape, slow travel, hawaii"
"Backyard, but it’s the ocean",,1205182 (3).png,The ocean reaches her and then pulls away again.,https://ifoundthisplace.beehiiv.com/p/slow-beach-houses-of-kauai,"kauai, private beach, oceanfront home, quiet beach, tropical escape, slow travel, hawaii"
She stands where the land ends,,1205182 (4).png,A backyard that turns into something much bigger.,https://ifoundthisplace.beehiiv.com/p/slow-beach-houses-of-kauai,"kauai, private beach, oceanfront home, quiet beach, tropical escape, slow travel, hawaii"
"Quiet water, no one else",,1205182 (5).png,"No noise, just the rhythm of waves.",https://ifoundthisplace.beehiiv.com/p/slow-beach-houses-of-kauai,"kauai, private beach, oceanfront home, quiet beach, tropical escape, slow travel, hawaii"
,,,,https://ifoundthisplace.beehiiv.com/p/slow-beach-houses-of-kauai,
"Coffee on the lanai, nothing planned",,1205182 (5).png,Coffee tastes different when the ocean is right there.,https://ifoundthisplace.beehiiv.com/p/slow-beach-houses-of-kauai,"kauai, lanai coffee, slow morning, tropical breakfast, ocean view, cozy moments, hawaii"
"Guava, flowers, and the ocean ahead",,1205182 (6).png,A small ritual that feels bigger than it is.,https://ifoundthisplace.beehiiv.com/p/slow-beach-houses-of-kauai,"kauai, lanai coffee, slow morning, tropical breakfast, ocean view, cozy moments, hawaii"
"A small table, a quiet morning",,1205182 (7).png,"The morning unfolds slowly, one sip at a time.",https://ifoundthisplace.beehiiv.com/p/slow-beach-houses-of-kauai,"kauai, lanai coffee, slow morning, tropical breakfast, ocean view, cozy moments, hawaii"
She sits and lets the day come slowly,,1205182 (8).png,"No rush, just the sound of waves.",https://ifoundthisplace.beehiiv.com/p/slow-beach-houses-of-kauai,"kauai, lanai coffee, slow morning, tropical breakfast, ocean view, cozy moments, hawaii"
Morning like this doesn’t need anything else,,1205182 (9).png,This is enough.,https://ifoundthisplace.beehiiv.com/p/slow-beach-houses-of-kauai,"kauai, lanai coffee, slow morning, tropical breakfast, ocean view, cozy moments, hawaii"
,,,,https://ifoundthisplace.beehiiv.com/p/slow-beach-houses-of-kauai,
They run down before the sand cools,,244444-beach.jpg,They know the way without thinking.,https://ifoundthisplace.beehiiv.com/p/slow-beach-houses-of-kauai,"kauai, beach access, family travel, kids at beach, tropical garden, oceanfront home"
Steps through green to the beach,,244444-beach.jpg,The beach is close enough to run to.,https://ifoundthisplace.beehiiv.com/p/slow-beach-houses-of-kauai,"kauai, beach access, family travel, kids at beach, tropical garden, oceanfront home"
"Buckets, towels, and morning energy",,244444-beach.jpg,Everything they need is already in their hands.,https://ifoundthisplace.beehiiv.com/p/slow-beach-houses-of-kauai,"kauai, beach access, family travel, kids at beach, tropical garden, oceanfront home"
A path they already know by heart,,244444-beach.jpg,The path becomes part of the routine.,https://ifoundthisplace.beehiiv.com/p/slow-beach-houses-of-kauai,"kauai, beach access, family travel, kids at beach, tropical garden, oceanfront home"
From house to waves in seconds,,244444-beach.jpg,From green to sand in a few steps.,https://ifoundthisplace.beehiiv.com/p/slow-beach-houses-of-kauai,"kauai, beach access, family travel, kids at beach, tropical garden, oceanfront home"
,,,,https://ifoundthisplace.beehiiv.com/p/slow-beach-houses-of-kauai,
She wakes and walks straight to the lanai,,244444-bedroom (1).png,The first step of the day leads outside.,https://ifoundthisplace.beehiiv.com/p/slow-beach-houses-of-kauai,"kauai, oceanfront bedroom, morning routine, lanai life, coastal home, slow mornings"
From sleep to ocean in one stretch,,244444-bedroom (2).png,She doesn’t check the time — just the ocean.,https://ifoundthisplace.beehiiv.com/p/slow-beach-houses-of-kauai,"kauai, oceanfront bedroom, morning routine, lanai life, coastal home, slow mornings"
A room that opens into the morning,,244444-bedroom (3).png,The room opens into something wider.,https://ifoundthisplace.beehiiv.com/p/slow-beach-houses-of-kauai,"kauai, oceanfront bedroom, morning routine, lanai life, coastal home, slow mornings"
First look of the day is always the sea,,244444-bedroom (4).png,Morning starts with movement and light.,https://ifoundthisplace.beehiiv.com/p/slow-beach-houses-of-kauai,"kauai, oceanfront bedroom, morning routine, lanai life, coastal home, slow mornings"
"No alarm, just light and waves",,244444-bedroom (5).png,The waves are already there waiting.,https://ifoundthisplace.beehiiv.com/p/slow-beach-houses-of-kauai,"kauai, oceanfront bedroom, morning routine, lanai life, coastal home, slow mornings"
